date,code,name,market,investor,scope,buy,sell,net,buy_volume,sell_volume,net_volume,close,change_pct,volume,turnover,source,collected_at,finality
2026-08-31,005930,삼성전자,KOSPI,연기금 등,DEMO,6900000000,5500000000,1400000000,,,,72000,0.0,1000000,72000000000,합성 데모 · 실제 매매 아님,2026-09-25T20:17:00+09:00,demo
2026-09-01,005930,삼성전자,KOSPI,연기금 등,DEMO,6720818822,4120906918,2599911904,,,,73100,1.53,1000000,73100000000,합성 데모 · 실제 매매 아님,2026-09-25T20:17:00+09:00,demo
2026-09-02,005930,삼성전자,KOSPI,연기금 등,DEMO,7209096702,3748440510,3460656192,,,,74000,1.23,1000000,74000000000,합성 데모 · 실제 매매 아님,2026-09-25T20:17:00+09:00,demo
2026-09-03,005930,삼성전자,KOSPI,연기금 등,DEMO,9213080553,5469977490,3743103063,,,,74700,0.95,1000000,74700000000,합성 데모 · 실제 매매 아님,2026-09-25T20:17:00+09:00,demo
2026-09-04,005930,삼성전자,KOSPI,연기금 등,DEMO,7839622951,4460930863,3378692088,,,,75000,0.4,1000000,75000000000,합성 데모 · 실제 매매 아님,2026-09-25T20:17:00+09:00,demo
2026-09-07,005930,삼성전자,KOSPI,연기금 등,DEMO,5840640739,3350986556,2489654183,,,,74800,-0.27,1000000,74800000000,합성 데모 · 실제 매매 아님,2026-09-25T20:17:00+09:00,demo
2026-09-08,005930,삼성전자,KOSPI,연기금 등,DEMO,6733470333,5380510860,1352959473,,,,74400,-0.53,1000000,74400000000,합성 데모 · 실제 매매 아님,2026-09-25T20:17:00+09:00,demo
2026-09-09,005930,삼성전자,KOSPI,연기금 등,DEMO,5080331461,4761706763,318624698,,,,73600,-1.08,1000000,73600000000,합성 데모 · 실제 매매 아님,2026-09-25T20:17:00+09:00,demo
2026-09-10,005930,삼성전자,KOSPI,연기금 등,DEMO,2642975538,2936500101,-293524563,,,,72700,-1.22,1000000,72700000000,합성 데모 · 실제 매매 아님,2026-09-25T20:17:00+09:00,demo
2026-09-11,005930,삼성전자,KOSPI,연기금 등,DEMO,4945204033,5233390786,-288186753,,,,71900,-1.1,1000000,71900000000,합성 데모 · 실제 매매 아님,2026-09-25T20:17:00+09:00,demo
2026-09-14,005930,삼성전자,KOSPI,연기금 등,DEMO,5365025871,5017214587,347811284,,,,71200,-0.97,1000000,71200000000,합성 데모 · 실제 매매 아님,2026-09-25T20:17:00+09:00,demo
2026-09-15,005930,삼성전자,KOSPI,연기금 등,DEMO,3954905960,2513277094,1441628866,,,,70800,-0.56,1000000,70800000000,합성 데모 · 실제 매매 아님,2026-09-25T20:17:00+09:00,demo
2026-09-16,005930,삼성전자,KOSPI,연기금 등,DEMO,7716952876,5031561876,2685391000,,,,70800,0.0,1000000,70800000000,합성 데모 · 실제 매매 아님,2026-09-25T20:17:00+09:00,demo
2026-09-17,005930,삼성전자,KOSPI,연기금 등,DEMO,8949336747,5222340344,3726996403,,,,71200,0.56,1000000,71200000000,합성 데모 · 실제 매매 아님,2026-09-25T20:17:00+09:00,demo
2026-09-18,005930,삼성전자,KOSPI,연기금 등,DEMO,7184181770,2910211655,4273970115,,,,71900,0.98,1000000,71900000000,합성 데모 · 실제 매매 아님,2026-09-25T20:17:00+09:00,demo
2026-09-21,005930,삼성전자,KOSPI,연기금 등,DEMO,8958793002,4779063739,4179729263,,,,72900,1.39,1000000,72900000000,합성 데모 · 실제 매매 아님,2026-09-25T20:17:00+09:00,demo
2026-09-22,005930,삼성전자,KOSPI,연기금 등,DEMO,8859796265,5372978441,3486817824,,,,74000,1.51,1000000,74000000000,합성 데모 · 실제 매매 아님,2026-09-25T20:17:00+09:00,demo
2026-09-23,005930,삼성전자,KOSPI,연기금 등,DEMO,5739848253,3325490014,2414358239,,,,75100,1.49,1000000,75100000000,합성 데모 · 실제 매매 아님,2026-09-25T20:17:00+09:00,demo
2026-09-24,005930,삼성전자,KOSPI,연기금 등,DEMO,5774371159,4480950125,1293421034,,,,75900,1.07,1000000,75900000000,합성 데모 · 실제 매매 아님,2026-09-25T20:17:00+09:00,demo
2026-09-25,005930,삼성전자,KOSPI,연기금 등,DEMO,5935489112,5466113855,469375257,,,,76500,0.79,1000000,76500000000,합성 데모 · 실제 매매 아님,2026-09-25T20:17:00+09:00,demo
