date,code,name,market,investor,scope,buy,sell,net,buy_volume,sell_volume,net_volume,close,change_pct,volume,turnover,source,collected_at,finality,open,high,low
2026-08-31,086520,에코프로,KOSDAQ,외국인,DEMO,10466781572,5560051454,4906730118,,,,81200,1.5,1110700,90188840000,합성 데모 · 실제 매매 아님,2026-09-25T20:17:00+09:00,demo,80000,81700,79500
2026-09-01,086520,에코프로,KOSDAQ,외국인,DEMO,10034429174,4162445505,5871983669,,,,80200,-1.23,1110700,89078140000,합성 데모 · 실제 매매 아님,2026-09-25T20:17:00+09:00,demo,81200,81700,79700
2026-09-02,086520,에코프로,KOSDAQ,외국인,DEMO,5026554188,558121666,4468432522,,,,79200,-1.25,1110700,87967440000,합성 데모 · 실제 매매 아님,2026-09-25T20:17:00+09:00,demo,80200,80700,78700
2026-09-03,086520,에코프로,KOSDAQ,외국인,DEMO,10063123752,2381623510,7681500242,,,,78400,-1.01,1110700,87078880000,합성 데모 · 실제 매매 아님,2026-09-25T20:17:00+09:00,demo,79200,79700,77900
2026-09-04,086520,에코프로,KOSDAQ,외국인,DEMO,10444680688,2488149340,7956531348,,,,77900,-0.64,1110700,86523530000,합성 데모 · 실제 매매 아님,2026-09-25T20:17:00+09:00,demo,78400,78900,77400
2026-09-07,086520,에코프로,KOSDAQ,외국인,DEMO,5820423310,727148708,5093274602,,,,77800,-0.13,1110700,86412460000,합성 데모 · 실제 매매 아님,2026-09-25T20:17:00+09:00,demo,77900,78400,77300
2026-09-08,086520,에코프로,KOSDAQ,외국인,DEMO,9558127478,3619953798,5938173680,,,,78100,0.39,1110700,86745670000,합성 데모 · 실제 매매 아님,2026-09-25T20:17:00+09:00,demo,77800,78600,77300
2026-09-09,086520,에코프로,KOSDAQ,외국인,DEMO,10745956882,5408630536,5337326346,,,,78900,1.02,1110700,87634230000,합성 데모 · 실제 매매 아님,2026-09-25T20:17:00+09:00,demo,78100,79400,77600
2026-09-10,086520,에코프로,KOSDAQ,외국인,DEMO,6650980028,4374316972,2276663056,,,,80000,1.39,1110700,88856000000,합성 데모 · 실제 매매 아님,2026-09-25T20:17:00+09:00,demo,78900,80500,78400
2026-09-11,086520,에코프로,KOSDAQ,외국인,DEMO,8961900250,6062527877,2899372373,,,,81200,1.5,1110700,90188840000,합성 데모 · 실제 매매 아님,2026-09-25T20:17:00+09:00,demo,80000,81700,79500
2026-09-14,086520,에코프로,KOSDAQ,외국인,DEMO,10932227710,6942882977,3989344733,,,,82400,1.48,1110700,91521680000,합성 데모 · 실제 매매 아님,2026-09-25T20:17:00+09:00,demo,81200,82900,80700
2026-09-15,086520,에코프로,KOSDAQ,외국인,DEMO,7448492370,4489560659,2958931711,,,,83400,1.21,1110700,92632380000,합성 데모 · 실제 매매 아님,2026-09-25T20:17:00+09:00,demo,82400,83900,81900
2026-09-16,086520,에코프로,KOSDAQ,외국인,DEMO,8286375562,3800245816,4486129746,,,,84100,0.84,1110700,93409870000,합성 데모 · 실제 매매 아님,2026-09-25T20:17:00+09:00,demo,83400,84600,82900
2026-09-17,086520,에코프로,KOSDAQ,외국인,DEMO,10999764958,3978763582,7021001376,,,,84400,0.36,1110700,93743080000,합성 데모 · 실제 매매 아님,2026-09-25T20:17:00+09:00,demo,84100,84900,83600
2026-09-18,086520,에코프로,KOSDAQ,외국인,DEMO,8196998122,1676787149,6520210973,,,,84200,-0.24,1110700,93520940000,합성 데모 · 실제 매매 아님,2026-09-25T20:17:00+09:00,demo,84400,84900,83700
2026-09-21,086520,에코프로,KOSDAQ,외국인,DEMO,7545074044,993446785,6551627259,,,,83600,-0.71,1110700,92854520000,합성 데모 · 실제 매매 아님,2026-09-25T20:17:00+09:00,demo,84200,84700,83100
2026-09-22,086520,에코프로,KOSDAQ,외국인,DEMO,10947216872,2985763641,7961453231,,,,82800,-0.96,1110700,91965960000,합성 데모 · 실제 매매 아님,2026-09-25T20:17:00+09:00,demo,83600,84100,82300
2026-09-23,086520,에코프로,KOSDAQ,외국인,DEMO,8881515934,2806879260,6074636674,,,,81800,-1.21,1110700,90855260000,합성 데모 · 실제 매매 아님,2026-09-25T20:17:00+09:00,demo,82800,83300,81300
2026-09-24,086520,에코프로,KOSDAQ,외국인,DEMO,6752832852,2907346339,3845486513,,,,80800,-1.22,1110700,89744560000,합성 데모 · 실제 매매 아님,2026-09-25T20:17:00+09:00,demo,81800,82300,80300
2026-09-25,086520,에코프로,KOSDAQ,외국인,DEMO,10775635198,6050837248,4724797950,,,,80100,-0.87,1110700,88967070000,합성 데모 · 실제 매매 아님,2026-09-25T20:17:00+09:00,demo,80800,81300,79600
